{"cameraMode":{"drawMode":0,"name":"Shaded","section":"Shading Mode"},"sceneLighting":true,"audioPlay":false,"sceneViewState":{"showFog":true,"showMaterialUpdate":false,"showSkybox":true,"showFlares":true,"showImageEffects":true,"showParticleSystems":true},"in2DMode":false,"pivot":{"x":-3.0154478549957277,"y":6.966821193695068,"z":-7.054874897003174},"rotation":{"x":0.050703201442956927,"y":0.10347669571638107,"z":-0.005293350201100111,"w":0.9933454394340515},"size":0.3910737633705139,"orthographic":false}