{"cameraMode":{"drawMode":0,"name":"Shaded","section":"Shading Mode"},"sceneLighting":true,"audioPlay":false,"sceneViewState":{"showFog":true,"showMaterialUpdate":false,"showSkybox":true,"showFlares":true,"showImageEffects":true,"showParticleSystems":true},"in2DMode":false,"pivot":{"x":-1.9754559993743897,"y":8.264573097229004,"z":-11.71995735168457},"rotation":{"x":-0.07788795977830887,"y":-0.029612675309181215,"z":0.002316730795428157,"w":-0.9965473413467407},"size":0.3910737633705139,"orthographic":false}