{"cameraMode":{"drawMode":0,"name":"Shaded","section":"Shading Mode"},"sceneLighting":false,"audioPlay":false,"sceneViewState":{"showFog":true,"showMaterialUpdate":false,"showSkybox":false,"showFlares":true,"showImageEffects":true,"showParticleSystems":true},"in2DMode":false,"pivot":{"x":0.8545792102813721,"y":7.565332412719727,"z":-3.7129974365234377},"rotation":{"x":0.05935896188020706,"y":0.09925581514835358,"z":0.005931808613240719,"w":-0.9932727813720703},"size":2.8578836917877199,"orthographic":false}