{"cameraMode":{"drawMode":0,"name":"Shaded","section":"Shading Mode"},"sceneLighting":true,"audioPlay":false,"sceneViewState":{"showFog":true,"showMaterialUpdate":false,"showSkybox":true,"showFlares":true,"showImageEffects":true,"showParticleSystems":true},"in2DMode":false,"pivot":{"x":-1.0985398292541505,"y":4.366396903991699,"z":-3.7926907539367677},"rotation":{"x":0.11851625889539719,"y":-0.0160750113427639,"z":0.0019203070551156998,"w":0.99283367395401},"size":4.702633857727051,"orthographic":false}