{"cameraMode":{"drawMode":0,"name":"Shaded","section":"Shading Mode"},"sceneLighting":true,"audioPlay":false,"sceneViewState":{"showFog":true,"showMaterialUpdate":false,"showSkybox":true,"showFlares":true,"showImageEffects":true,"showParticleSystems":true},"in2DMode":false,"pivot":{"x":2.738206386566162,"y":-3.1517183780670168,"z":14.10041618347168},"rotation":{"x":-0.2971591651439667,"y":-0.0869419127702713,"z":0.027153218165040017,"w":-0.9505185484886169},"size":22.0,"orthographic":false}