{"cameraMode":{"drawMode":0,"name":"Shaded","section":"Shading Mode"},"sceneLighting":true,"audioPlay":false,"sceneViewState":{"showFog":true,"showMaterialUpdate":false,"showSkybox":true,"showFlares":true,"showImageEffects":true,"showParticleSystems":true},"in2DMode":false,"pivot":{"x":6.934326171875,"y":-20.23735809326172,"z":59.883644104003909},"rotation":{"x":0.20067951083183289,"y":0.06489400565624237,"z":-0.013326779939234257,"w":0.9774293303489685},"size":76.06993103027344,"orthographic":false}