{"cameraMode":{"drawMode":0,"name":"Shaded","section":"Shading Mode"},"sceneLighting":true,"audioPlay":false,"sceneViewState":{"showFog":true,"showMaterialUpdate":false,"showSkybox":true,"showFlares":true,"showImageEffects":true,"showParticleSystems":true},"in2DMode":false,"pivot":{"x":-3.974848508834839,"y":8.576536178588868,"z":-5.853007793426514},"rotation":{"x":-0.18242643773555757,"y":0.12035171687602997,"z":-0.022396156564354898,"w":-0.9757696986198425},"size":0.14291998744010926,"orthographic":false}