{"cameraMode":{"drawMode":0,"name":"Shaded","section":"Shading Mode"},"sceneLighting":true,"audioPlay":false,"sceneViewState":{"showFog":true,"showMaterialUpdate":false,"showSkybox":true,"showFlares":true,"showImageEffects":true,"showParticleSystems":true},"in2DMode":false,"pivot":{"x":-4.377859115600586,"y":2.2339792251586916,"z":13.160812377929688},"rotation":{"x":-0.04037556052207947,"y":0.07067301124334336,"z":-0.003054677974432707,"w":-0.9967419505119324},"size":22.0,"orthographic":false}